index,Id,ProductId,UserId,ProfileName,HelpfulnessNumerator,HelpfulnessDenominator,Score,Time,Summary,Text,Label,Preprocessed Review
0,1,B001E4KFG0,A3SGXH7AUHU8GW,delmartian,1,1,5,1303862400,Good Quality Dog Food,I have bought several of the Vitality canned dog food products and have found them all to be of good quality. The product looks more like a stew than a processed meat and it smells better. My Labrador is finicky and she appreciates this product better than  most.,2,bought several vitality canned dog food products found good quality product looks like stew processed meat smells better labrador finicky appreciates product better
1,2,B00813GRG4,A1D87F6ZCVE5NK,dll pa,0,0,1,1346976000,Not as Advertised,"Product arrived labeled as Jumbo Salted Peanuts...the peanuts were actually small sized unsalted. Not sure if this was an error or if the vendor intended to represent the product as ""Jumbo"".",0,product arrived labeled jumbo salted peanuts peanuts actually small sized unsalted sure error vendor intended represent product jumbo
2,3,B000LQOCH0,ABXLMWJIXXAIN,"Natalia Corres ""Natalia Corres""",1,1,4,1219017600,"""Delight"" says it all","This is a confection that has been around a few centuries.  It is a light, pillowy citrus gelatin with nuts - in this case Filberts. And it is cut into tiny squares and then liberally coated with powdered sugar.  And it is a tiny mouthful of heaven.  Not too chewy, and very flavorful.  I highly recommend this yummy treat.  If you are familiar with the story of C.S. Lewis' ""The Lion, The Witch, and The Wardrobe"" - this is the treat that seduces Edmund into selling out his Brother and Sisters to the Witch.",2,confection around centuries light pillowy citrus gelatin nuts case filberts cut tiny squares liberally coated powdered sugar tiny mouthful heaven chewy flavorful highly recommend yummy treat familiar story c lewis lion witch wardrobe treat seduces edmund selling brother sisters witch
3,4,B000UA0QIQ,A395BORC6FGVXV,Karl,3,3,2,1307923200,Cough Medicine,If you are looking for the secret ingredient in Robitussin I believe I have found it.  I got this in addition to the Root Beer Extract I ordered (which was good) and made some cherry soda.  The flavor is very medicinal.,0,looking secret ingredient robitussin believe found got addition root beer extract ordered good made cherry soda flavor medicinal
4,5,B006K2ZZ7K,A1UQRSCLF8GW1T,"Michael D. Bigham ""M. Wassir""",0,0,5,1350777600,Great taffy,"Great taffy at a great price.  There was a wide assortment of yummy taffy.  Delivery was very quick.  If your a taffy lover, this is a deal.",2,great taffy great price wide assortment yummy taffy delivery quick taffy lover deal
5,6,B006K2ZZ7K,ADT0SRK1MGOEU,Twoapennything,0,0,4,1342051200,Nice Taffy,"I got a wild hair for taffy and ordered this five pound bag. The taffy was all very enjoyable with many flavors: watermelon, root beer, melon, peppermint, grape, etc. My only complaint is there was a bit too much red/black licorice-flavored pieces (just not my particular favorites). Between me, my kids, and my husband, this lasted only two weeks! I would recommend this brand of taffy -- it was a delightful treat.",2,got wild hair taffy ordered five pound bag taffy enjoyable many flavors watermelon root beer melon peppermint grape etc complaint bit much red black licorice flavored pieces particular favorites kids husband lasted two weeks would recommend brand taffy delightful treat
6,7,B006K2ZZ7K,A1SP2KVKFXXRU1,David C. Sullivan,0,0,5,1340150400,Great!  Just as good as the expensive brands!,"This saltwater taffy had great flavors and was very soft and chewy.  Each candy was individually wrapped well.  None of the candies were stuck together, which did happen in the expensive version, Fralinger's.  Would highly recommend this candy!  I served it at a beach-themed party and everyone loved it!",2,saltwater taffy great flavors soft chewy candy individually wrapped well none candies stuck together happen expensive version fralinger would highly recommend candy served beach themed party everyone loved
7,8,B006K2ZZ7K,A3JRGQVEQN31IQ,Pamela G. Williams,0,0,5,1336003200,"Wonderful, tasty taffy",This taffy is so good.  It is very soft and chewy.  The flavors are amazing.  I would definitely recommend you buying it.  Very satisfying!!,2,taffy good soft chewy flavors amazing would definitely recommend buying satisfying
8,9,B000E7L2R4,A1MZYO9TZK0BBI,R. James,1,1,5,1322006400,Yay Barley,Right now I'm mostly just sprouting this so my cats can eat the grass. They love it. I rotate it around with Wheatgrass and Rye too,2,right mostly sprouting cats eat grass love rotate around wheatgrass rye
9,10,B00171APVA,A21BT40VZCCYT4,Carol A. Reed,0,0,5,1351209600,Healthy Dog Food,This is a very healthy dog food. Good for their digestion. Also good for small puppies. My dog eats her required amount at every feeding.,2,healthy dog food good digestion also good small puppies dog eats required amount every feeding
10,11,B0001PB9FE,A3HDKO7OW0QNK4,Canadian Fan,1,1,5,1107820800,The Best Hot Sauce in the World,"I don't know if it's the cactus or the tequila or just the unique combination of ingredients, but the flavour of this hot sauce makes it one of a kind!  We picked up a bottle once on a trip we were on and brought it back home with us and were totally blown away!  When we realized that we simply couldn't find it anywhere in our city we were bummed.<br /><br />Now, because of the magic of the internet, we have a case of the sauce and are ecstatic because of it.<br /><br />If you love hot sauce..I mean really love hot sauce, but don't want a sauce that tastelessly burns your throat, grab a bottle of Tequila Picante Gourmet de Inclan.  Just realize that once you taste it, you will never want to use any other sauce.<br /><br />Thank you for the personal, incredible service!",2,know cactus tequila unique combination ingredients flavour hot sauce makes one kind picked bottle trip brought back home us totally blown away realized simply could find anywhere city bummed magic internet case sauce ecstatic love hot sauce mean really love hot sauce want sauce tastelessly burns throat grab bottle tequila picante gourmet de inclan realize taste never want use sauce thank personal incredible service
11,12,B0009XLVG0,A2725IB4YY9JEB,"A Poeng ""SparkyGoHome""",4,4,5,1282867200,"My cats LOVE this ""diet"" food better than their regular food","One of my boys needed to lose some weight and the other didn't.  I put this food on the floor for the chubby guy, and the protein-rich, no by-product food up higher where only my skinny boy can jump.  The higher food sits going stale.  They both really go for this food.  And my chubby boy has been losing about an ounce a week.",2,one boys needed lose weight put food floor chubby guy protein rich product food higher skinny boy jump higher food sits going stale really go food chubby boy losing ounce week
12,13,B0009XLVG0,A327PCT23YH90,LT,1,1,1,1339545600,My Cats Are Not Fans of the New Food,"My cats have been happily eating Felidae Platinum for more than two years. I just got a new bag and the shape of the food is different. They tried the new food when I first put it in their bowls and now the bowls sit full and the kitties will not touch the food. I've noticed similar reviews related to formula changes in the past. Unfortunately, I now need to find a new food that my cats will eat.",0,cats happily eating felidae platinum two years got new bag shape food different tried new food first put bowls bowls sit full kitties touch food noticed similar reviews related formula changes past unfortunately need find new food cats eat
13,14,B001GVISJM,A18ECVX2RJ7HUE,"willie ""roadie""",2,2,4,1288915200,fresh and greasy!,good flavor! these came securely packed... they were fresh and delicious! i love these Twizzlers!,2,good flavor came securely packed fresh delicious love twizzlers
14,15,B001GVISJM,A2MUGFV2TDQ47K,"Lynrie ""Oh HELL no""",4,5,5,1268352000,Strawberry Twizzlers - Yummy,The Strawberry Twizzlers are my guilty pleasure - yummy. Six pounds will be around for a while with my son and I.,2,strawberry twizzlers guilty pleasure yummy six pounds around son
15,16,B001GVISJM,A1CZX3CP8IKQIJ,Brian A. Lee,4,5,5,1262044800,"Lots of twizzlers, just what you expect.",My daughter loves twizzlers and this shipment of six pounds really hit the spot. It's exactly what you would expect...six packages of strawberry twizzlers.,2,daughter loves twizzlers shipment six pounds really hit spot exactly would expect six packages strawberry twizzlers
16,17,B001GVISJM,A3KLWF6WQ5BNYO,Erica Neathery,0,0,2,1348099200,poor taste,I love eating them and they are good for watching TV and looking at movies! It is not too sweet. I like to transfer them to a zip lock baggie so they stay fresh so I can take my time eating them.,0,love eating good watching tv looking movies sweet like transfer zip lock baggie stay fresh take time eating
17,18,B001GVISJM,AFKW14U97Z6QO,Becca,0,0,5,1345075200,Love it!,I am very satisfied with my Twizzler purchase.  I shared these with others and we have all enjoyed them.  I will definitely be ordering more.,2,satisfied twizzler purchase shared others enjoyed definitely ordering
18,19,B001GVISJM,A2A9X58G2GTBLP,Wolfee1,0,0,5,1324598400,GREAT SWEET CANDY!,"Twizzlers, Strawberry my childhood favorite candy, made in Lancaster Pennsylvania by Y & S Candies, Inc. one of the oldest confectionery Firms in the United States, now a Subsidiary of the Hershey Company, the Company was established in 1845 as Young and Smylie, they also make Apple Licorice Twists, Green Color and Blue Raspberry Licorice Twists, I like them all<br /><br />I keep it in a dry cool place because is not recommended it to put it in the fridge. According to the Guinness Book of Records, the longest Licorice Twist ever made measured 1.200 Feet (370 M) and weighted 100 Pounds (45 Kg) and was made by Y & S Candies, Inc. This Record-Breaking Twist became a Guinness World Record on July 19, 1998. This Product is Kosher! Thank You",2,twizzlers strawberry childhood favorite candy made lancaster pennsylvania candies inc one oldest confectionery firms united states subsidiary hershey company company established young smylie also make apple licorice twists green color blue raspberry licorice twists like alli keep dry cool place recommended put fridge according guinness book records longest licorice twist ever made measured feet weighted pounds kg made candies inc record breaking twist became guinness world record july product kosher thank
19,20,B001GVISJM,A3IV7CL2C13K2U,Greg,0,0,5,1318032000,Home delivered twizlers,Candy was delivered very fast and was purchased at a reasonable price.  I was home bound and unable to get to a store so this was perfect for me.,2,candy delivered fast purchased reasonable price home bound unable get store perfect
20,21,B001GVISJM,A1WO0KGLPR5PV6,mom2emma,0,0,5,1313452800,Always fresh,"My husband is a Twizzlers addict.  We've bought these many times from Amazon because we're government employees living overseas and can't get them in the country we are assigned to.  They've always been fresh and tasty, packed well and arrive in a timely manner.",2,husband twizzlers addict bought many times amazon government employees living overseas get country assigned always fresh tasty packed well arrive timely manner
21,22,B001GVISJM,AZOF9E17RGZH8,Tammy Anderson,0,0,5,1308960000,TWIZZLERS,"I bought these for my husband who is currently overseas. He loves these, and apparently his staff likes them also.<br />There are generous amounts of Twizzlers in each 16-ounce bag, and this was well worth the price. <a href=""http://www.amazon.com/gp/product/B001GVISJM"">Twizzlers, Strawberry, 16-Ounce Bags (Pack of 6)</a>",2,bought husband currently overseas loves apparently staff likes also generous amounts twizzlers bag well worth price
22,23,B001GVISJM,ARYVQL4N737A1,Charles Brown,0,0,5,1304899200,Delicious product!,I can remember buying this candy as a kid and the quality hasn't dropped in all these years. Still a superb product you won't be disappointed with.,2,remember buying candy kid quality dropped years still superb product disappointed
23,24,B001GVISJM,AJ613OLZZUG7V,Mare's,0,0,5,1304467200,Twizzlers,I love this candy.  After weight watchers I had to cut back but still have a craving for it.,2,love candy weight watchers cut back still craving
24,25,B001GVISJM,A22P2J09NJ9HKE,"S. Cabanaugh ""jilly pepper""",0,0,5,1295481600,Please sell these in Mexico!!,"I have lived out of the US for over 7 yrs now, and I so miss my Twizzlers!!  When I go back to visit or someone visits me, I always stock up.  All I can say is YUM!<br />Sell these in Mexico and you will have a faithful buyer, more often than I'm able to buy them right now.",2,lived us yrs miss twizzlers go back visit someone visits always stock say yum sell mexico faithful buyer often able buy right
25,26,B001GVISJM,A3FONPR03H3PJS,"Deborah S. Linzer ""Cat Lady""",0,0,5,1288310400,Twizzlers - Strawberry,"Product received is as advertised.<br /><br /><a href=""http://www.amazon.com/gp/product/B001GVISJM"">Twizzlers, Strawberry, 16-Ounce Bags (Pack of 6)</a>",2,product received advertised
26,27,B001GVISJM,A3RXAU2N8KV45G,lady21,0,1,1,1332633600,Nasty No flavor,"The candy is just red , No flavor . Just  plan and chewy .  I would never buy them again",0,candy red flavor plan chewy would never buy
27,28,B001GVISJM,AAAS38B98HMIK,Heather Dube,0,1,4,1331856000,Great Bargain for the Price,I was so glad Amazon carried these batteries.  I have a hard time finding them elsewhere because they are such a unique size.  I need them for my garage door opener.<br />Great deal for the price.,2,glad amazon carried batteries hard time finding elsewhere unique size need garage door opener great deal price
28,29,B00144C10S,A2F4LZVGFLD1OB,DaisyH,0,0,5,1338854400,YUMMY!,"I got this for my Mum who is not diabetic but needs to watch her sugar intake, and my father who simply chooses to limit unnecessary sugar intake - she's the one with the sweet tooth - they both LOVED these toffees, you would never guess that they're sugar-free and it's so great that you can eat them pretty much guilt free!  i was so impressed that i've ordered some for myself (w dark chocolate) to take to the office so i'll eat them instead of snacking on sugary sweets.<br />These are just EXCELLENT!",2,got mum diabetic needs watch sugar intake father simply chooses limit unnecessary sugar intake one sweet tooth loved toffees would never guess sugar free great eat pretty much guilt free impressed ordered w dark chocolate take office eat instead snacking sugary sweets excellent
29,30,B0001PB9FY,A3HDKO7OW0QNK4,Canadian Fan,1,1,5,1107820800,The Best Hot Sauce in the World,"I don't know if it's the cactus or the tequila or just the unique combination of ingredients, but the flavour of this hot sauce makes it one of a kind!  We picked up a bottle once on a trip we were on and brought it back home with us and were totally blown away!  When we realized that we simply couldn't find it anywhere in our city we were bummed.<br /><br />Now, because of the magic of the internet, we have a case of the sauce and are ecstatic because of it.<br /><br />If you love hot sauce..I mean really love hot sauce, but don't want a sauce that tastelessly burns your throat, grab a bottle of Tequila Picante Gourmet de Inclan.  Just realize that once you taste it, you will never want to use any other sauce.<br /><br />Thank you for the personal, incredible service!",2,know cactus tequila unique combination ingredients flavour hot sauce makes one kind picked bottle trip brought back home us totally blown away realized simply could find anywhere city bummed magic internet case sauce ecstatic love hot sauce mean really love hot sauce want sauce tastelessly burns throat grab bottle tequila picante gourmet de inclan realize taste never want use sauce thank personal incredible service
30,31,B003F6UO7K,AFM0O9480F04W,Sherril,0,0,5,1297641600,Great machine!,"I have never been a huge coffee fan. However, my mother purchased this little machine and talked me into trying the Latte Macciato. No Coffee Shop has a better one and I like most of the other products, too (as a usually non-coffee drinker!).<br />The little Dolche Guesto Machine is super easy to use and prepares a really good Coffee/Latte/Cappuccino/etc in less than a minute (if water is heated up). I would recommend the Dolce Gusto to anyone. Too good for the price and I'am getting one myself! :)",2,never huge coffee fan however mother purchased little machine talked trying latte macciato coffee shop better one like products usually non coffee drinker little dolche guesto machine super easy use prepares really good coffee latte cappuccino etc less minute water heated would recommend dolce gusto anyone good price getting one
31,32,B003F6UO7K,A31OQO709M20Y7,"Molly V. Smith ""staral""",0,1,5,1288310400,THIS IS MY TASTE...,"This offer is a great price and a great taste, thanks Amazon for selling this product.<br /><br />Staral",2,offer great price great taste thanks amazon selling product staral
32,33,B001EO5QW8,AOVROBZ8BNTP7,S. Potter,19,19,4,1163376000,Best of the Instant Oatmeals,"McCann's Instant Oatmeal is great if you must have your oatmeal but can only scrape together two or three minutes to prepare it. There is no escaping the fact, however, that even the best instant oatmeal is nowhere near as good as even a store brand of oatmeal requiring stovetop preparation.  Still, the McCann's is as good as it gets for instant oatmeal. It's even better than the organic, all-natural brands I have tried.  All the varieties in the McCann's variety pack taste good.  It can be prepared in the microwave or by adding boiling water so it is convenient in the extreme when time is an issue.<br /><br />McCann's use of actual cane sugar instead of high fructose corn syrup helped me decide to buy this product.  Real sugar tastes better and is not as harmful as the other stuff. One thing I do not like, though, is McCann's use of thickeners.  Oats plus water plus heat should make a creamy, tasty oatmeal without the need for guar gum. But this is a convenience product.  Maybe the guar gum is why, after sitting in the bowl a while, the instant McCann's becomes too thick and gluey.",2,mccann instant oatmeal great must oatmeal scrape together two three minutes prepare escaping fact however even best instant oatmeal nowhere near good even store brand oatmeal requiring stovetop preparation still mccann good gets instant oatmeal even better organic natural brands tried varieties mccann variety pack taste good prepared microwave adding boiling water convenient extreme time issue mccann use actual cane sugar instead high fructose corn syrup helped decide buy product real sugar tastes better harmful stuff one thing like though mccann use thickeners oats plus water plus heat make creamy tasty oatmeal without need guar gum convenience product maybe guar gum sitting bowl instant mccann becomes thick gluey
33,34,B001EO5QW8,A3PMM0NFVEJGK9,"Megan ""Bad at Nicknames""",13,13,4,1166313600,Good Instant,"This is a good instant oatmeal from the best oatmeal brand.  It uses cane sugar instead of high fructouse corn syrup, so not only does it have a better sweetness, but some doctors now say that this form of sugar is better for you.  Great on a cold morning when you don't have time to make McCann's Steel Cut Oats.  The apple cinnamon is the best but the maple and brown sugar or the regular are good too.  Plus they don't require doctoring to actually tell the three flavors apart.",2,good instant oatmeal best oatmeal brand uses cane sugar instead high fructouse corn syrup better sweetness doctors say form sugar better great cold morning time make mccann steel cut oats apple cinnamon best maple brown sugar regular good plus require doctoring actually tell three flavors apart
34,35,B001EO5QW8,A2EB6OGOWCRU5H,CorbyJames,9,9,5,1175212800,Great Irish oatmeal for those in a hurry!,"Instant oatmeal can become soggy the minute the water hits the bowl. McCann's Instant Oatmeal holds its texture, has excellent flavor, and is good for you all at the same time. McCann's regular oat meal is excellent, too, but may take a bit longer to prepare than most have time for in the morning. This is the best instant brand I've ever eaten, and a very close second to the non-instant variety.<br /><br />McCann's Instant Irish Oatmeal, Variety Pack of Regular, Apples & Cinnamon, and Maple & Brown Sugar, 10-Count Boxes (Pack of 6)",2,instant oatmeal become soggy minute water hits bowl mccann instant oatmeal holds texture excellent flavor good time mccann regular oat meal excellent may take bit longer prepare time morning best instant brand ever eaten close second non instant variety mccann instant irish oatmeal variety pack regular apples cinnamon maple brown sugar boxes pack
35,36,B001EO5QW8,A2CI0RLADCRKPF,T. J. Ryan,3,3,4,1210464000,satisfying,"McCann's Instant Irish Oatmeal, Variety Pack of Regular, Apples & Cinnamon, and Maple & Brown Sugar, 10-Count Boxes (Pack of 6)<br /><br />I'm a fan of the McCann's steel-cut oats, so I thought I'd give the instant variety a try. I found it to be a hardy meal, not too sweet, and great for folks like me (post-bariatric surgery) who need food that is palatable, easily digestible, with fiber but won't make you bloat.",2,mccann instant irish oatmeal variety pack regular apples cinnamon maple brown sugar boxes pack fan mccann steel cut oats thought would give instant variety try found hardy meal sweet great folks like post bariatric surgery need food palatable easily digestible fiber make bloat
36,37,B001EO5QW8,A1MYS9LFFBIYKM,"Abby Chase ""gluten free""",2,2,5,1190851200,Love Gluten Free Oatmeal!!!,"For those of us with celiac disease this product is a lifesaver and what could be better than getting it at almost half the price of the grocery or health food store!  I love McCann's instant oatmeal - all flavors!!!<br /><br />Thanks,<br />Abby",2,us celiac disease product lifesaver could better getting almost half price grocery health food store love mccann instant oatmeal flavors thanks abby
37,38,B001EO5QW8,A3MGP2E1ZZ6GRB,"Zardoz ""focuspuller""",1,1,5,1238457600,it's oatmeal,"What else do you need to know? Oatmeal, instant (make it with a half cup of low-fat milk and add raisins;nuke for 90 seconds). More expensive than Kroger store brand oatmeal and maybe a little tastier or better texture or something. It's still just oatmeal. Mmm, convenient!",2,else need know oatmeal instant make half cup low fat milk add raisins nuke seconds expensive kroger store brand oatmeal maybe little tastier better texture something still oatmeal mmm convenient
38,39,B001EO5QW8,A2GHZ2UTV2B0CD,JERRY REITH,0,0,4,1350777600,GOOD WAY TO START THE DAY....,"I WAS VISITING MY FRIEND NATE THE OTHER MORNING FOR COFFEE , HE CAME OUT OF HIS STORAGE ROOM WITH ( A PACKET OF McCANNS INSTANT IRISH OATMEAL .) HE SUGGESTED THAT I TRY IT FOR MY OWN USE ,IN MY STASH . SOMETIMES NATE DOSE NOT GIVE YOU A CHANCE TO SAY NO , SO I ENDED UP TRYING THE APPLE AND CINN . FOUND IT TO BE VERY TASTEFULL WHEN MADE WITH WATER OR POWDERED MILK . IT GOES GOOD WITH O.J. AND COFFEE AND A SLICE OF TOAST AND YOUR READY TO TAKE ON THE WORLD...OR THE DAY AT LEAST..  JERRY REITH...",2,visiting friend nate morning coffee came storage room packet mccanns instant irish oatmeal suggested try use stash sometimes nate dose give chance say ended trying apple cinn found tastefull made water powdered milk goes good j coffee slice toast ready take world day least jerry reith
39,40,B001EO5QW8,AO80AC8313NIZ,kYpondman,0,0,5,1317168000,Wife's favorite Breakfast,"I ordered this for my wife as it was reccomended by our daughter.  She has this almost every morning and likes all flavors.  She's happy, I'm happy!!!<br /><a href=""http://www.amazon.com/gp/product/B001EO5QW8"">McCANN'S Instant Irish Oatmeal, Variety Pack of Regular, Apples & Cinnamon, and Maple & Brown Sugar, 10-Count Boxes (Pack of 6)</a>",2,ordered wife reccomended daughter almost every morning likes flavors happy happy
40,41,B001EO5QW8,AQCY5KRO7489S,Garrett,0,0,5,1303430400,Why wouldn't you buy oatmeal from Mcanns? Tastes great!,"The variety packs taste great!<br /><br />I have them every morning. At $0.30 cents per meal, I don't understand why everyone on earth isn't buying this stuff up.<br /><br />Maple and brown sugar is terrific, followed by apples and cinnamon, followed by regular. You don't get tired of the same ole thing, and they taste great.<br /><br />I just boil water from a small pot, empty the packet or 2 in a bowl, pour in boiling water, and watch it expand to 2x its size!<br /><br />Taste really good and takes minutes to prepare.<br /><br />Not sure why everyone on earth isn't this. Convenient, healthy, very quick, excellent quality, and extremely cheap...",2,variety packs taste great every morning cents per meal understand everyone earth buying stuff maple brown sugar terrific followed apples cinnamon followed regular get tired ole thing taste great boil water small pot empty packet bowl pour boiling water watch expand size taste really good takes minutes prepare sure everyone earth convenient healthy quick excellent quality extremely cheap
41,42,B001EO5QW8,A1WK4ALVZDYPUE,"Dick Baldwin ""christobe""",0,0,5,1302134400,Oatmeal For Oatmeal Lovers,"McCann's makes oatmeal for every oatmeal connoisseur, whether one likes it from the raw pellet state that cooks for half an hour, to the sloth addled instant, which can be done in the microwave for under three minutes. It's all good, that's for sure, and the beauty of the instant variety is that it is available in different flavors as well as regular.<br />  This variety pack allows different tastes to be explored, as well as giving you a chance to experience the difference between McCann's and other well-known oatmeals. What I personally like about McCann's is that it cooks up thicker and with more body than the top brand here in America. The Apples & Cinnamon, though, tends to be a little liquidy so you may want to experiment with the amount of water you add. In my 1300watt microwave the oatmeal cooks up in about one minute and twenty-seven seconds, so you should also watch that to get a handle on how much time and water to use.<br />  The only bad thing -- if you can consider it a bad thing -- about this offering is that you have to buy in lot so you'll end up with six ten-count boxes. This is good if you have a whole family of oatmeal-eaters, but if you're a single person alone -- well, love oatmeal.",2,mccann makes oatmeal every oatmeal connoisseur whether one likes raw pellet state cooks half hour sloth addled instant done microwave three minutes good sure beauty instant variety available different flavors well regular variety pack allows different tastes explored well giving chance experience difference mccann well known oatmeals personally like mccann cooks thicker body top brand america apples cinnamon though tends little liquidy may want experiment amount water add microwave oatmeal cooks one minute twenty seven seconds also watch get handle much time water use bad thing consider bad thing offering buy lot end six ten count boxes good whole family oatmeal eaters single person alone well love oatmeal
42,43,B001EO5QW8,A16XFOYQSJREL7,Roger Pugliese,0,0,5,1287014400,Food-Great,I have McCann's Oatmeal every morning and by ordering it from Amazon I am able to save almost $3.00 per box.<br />It is a great product. Tastes great and very healthy,2,mccann oatmeal every morning ordering amazon able save almost per box great product tastes great healthy
43,44,B001EO5QW8,A17DW6SUOC70DJ,Mother of 9,0,0,5,1255392000,Good Hot Breakfast,"McCann's Oatmeal is a good quality choice.  Our favorite is the Apples and Cinnamon, but we find that none of these are overly sugary.  For a good hot breakfast in 2 minutes, this is excellent.",2,mccann oatmeal good quality choice favorite apples cinnamon find none overly sugary good hot breakfast minutes excellent
44,45,B001EO5QW8,A2G7B7FKP2O2PU,D. Leschke,0,0,5,1209686400,Great taste and convenience,We really like the McCann's steel cut oats but find we don't cook it up too often.<br />This tastes much better to me than the grocery store brands and is just as convenient.<br />Anything that keeps me eating oatmeal regularly is a good thing.,2,really like mccann steel cut oats find cook often tastes much better grocery store brands convenient anything keeps eating oatmeal regularly good thing
45,46,B001EO5QW8,A39Z97950MCTQE,K. A. Freel,0,0,3,1205193600,Hearty Oatmeal,"This seems a little more wholesome than some of the supermarket brands, but it is somewhat mushy and doesn't have quite as much flavor either.  It didn't pass muster with my kids, so I probably won't buy it again.",1,seems little wholesome supermarket brands somewhat mushy quite much flavor either pass muster kids probably buy
46,47,B001EO5QW8,AQLL2R1PPR46X,grumpyrainbow,0,0,5,1192752000,good,Good oatmeal.  I like the apple cinnamon the best.  Though I wouldn't follow the directions on the package since it always comes out too soupy for my taste.  That could just be me since I like my oatmeal really thick to add some milk on top of.,2,good oatmeal like apple cinnamon best though would follow directions package since always comes soupy taste could since like oatmeal really thick add milk top
47,48,B001EO5QW8,A26AY1TFK8BQXQ,"kbogo ""shoelover""",1,2,3,1200096000,Mushy,"The flavors are good.  However, I do not see any differce between this and Oaker Oats brand - they are both mushy.",1,flavors good however see differce oaker oats brand mushy
48,49,B001EO5QW8,ALOR97KTZTK1P,knitty pants,1,2,4,1191715200,Very good but next time I won't order the Variety Pack,"I really like the Maple and Brown Sugar flavor. The regular is fine with brown sugar added. The Apples and Cinnamon flavor is OK. This is a very quick, easy and satisfying breakfast and I'll order this brand again, but not the variety. I'll get all Maple and Brown Sugar.",2,really like maple brown sugar flavor regular fine brown sugar added apples cinnamon flavor ok quick easy satisfying breakfast order brand variety get maple brown sugar
49,50,B001EO5QW8,A276999Y6VRSCQ,JMay,0,1,3,1334016000,Same stuff,This is the same stuff you can buy at the big box stores.  There is nothing healthy about it.  It is just carbs and sugars.  Save your money and get something that at least has some taste.,1,stuff buy big box stores nothing healthy carbs sugars save money get something least taste
50,51,B001EO5QW8,A108P30XVUFKXY,Roberto A,0,7,1,1203379200,Don't like it,"This oatmeal is not good. Its mushy, soft, I don't like it. Quaker Oats is the way to go.",0,oatmeal good mushy soft like quaker oats way go
51,52,B000G6RPMY,A3S5KJDA6ED2PS,Mike Kaser,4,4,5,1243900800,HOT!  And good!  Came back for more  :),"Got a free package of these with a bottle of bloody mary mix I bought from the seller, and the advertising worked..lol,  I tried them, and shared them with 2 buddies, and we all loved them...  So im here to buy more, and noticed there were no reviews yet,...  well now there is.  They are Hot,  but not ""burn your mouth forever hot""  its a nice temp...  Perfect for us..",2,got free package bottle bloody mary mix bought seller advertising worked lol tried shared buddies loved im buy noticed reviews yet well hot burn mouth forever hot nice temp perfect us
52,53,B000G6RPMY,A9L6L5H9BPEBO,Edwin C. Pauzer,1,1,4,1348876800,You'll go nuts over Ass-Kickin' Peanuts.,"This wasn't in stock the last time I looked. I had to go to the Vermont Country Store in Weston to find it along with a jaw harp, Cranberry Horseradish Sauce, Fartless Black Bean Salsa, Apple Cider Jelly, Newton's Cradle Art in Motion and the staple Vermont Maple Syrup.<br /><br />Back to the Ass Kickin Peanuts. They are hot. They will activate the perspiration glands behind your ears and under your arms. It requires a beverage as advertised, a glass of very cold milk, and a box of Kleenex since it will make your nose run. They look like ordinary peanuts which is already giving me ideas for work. I suspect that some people have been hitting my goodies in my absence, especially my colleague Greg. I'm going to take this to work at earliest opportunity and empty the contents of this can into an ordinary Planters Peanuts can, and then see whose crying or whose nose is running when I return.<br /><br />The can should be shaken to ensure the spices are evenly distributed. It is important to wash your hands after consumption and not touch the eyes.<br /><br />You'll go nuts over these Ass-Kickin' Peanuts.<br /><br />P.S. I'm not sharing the peanuts, not deliberately, and I'll probably give Greg the jaw harp for Christmas. He'll be so insulted.",2,stock last time looked go vermont country store weston find along jaw harp cranberry horseradish sauce fartless black bean salsa apple cider jelly newton cradle art motion staple vermont maple syrup back ass kickin peanuts hot activate perspiration glands behind ears arms requires beverage advertised glass cold milk box kleenex since make nose run look like ordinary peanuts already giving ideas work suspect people hitting goodies absence especially colleague greg going take work earliest opportunity empty contents ordinary planters peanuts see whose crying whose nose running return shaken ensure spices evenly distributed important wash hands consumption touch eyes go nuts ass kickin peanuts p sharing peanuts deliberately probably give greg jaw harp christmas insulted
53,54,B000G6RPMY,AQ9DWWYP2KJCQ,"Roel Trevino ""protomex""",0,0,3,1278028800,not ass kickin,we're used to spicy foods down here in south texas and these are not at all spicy.  doubt very much habanero is used at all.  could take it up a notch or two.,1,used spicy foods south texas spicy doubt much habanero used could take notch two
54,55,B002GWHC0G,A1ND7WC5LXOU48,"David Belton ""Proteus 1""",2,2,4,1322438400,Roasts up a smooth brew,"I roast at home with a stove-top popcorn popper (but I do it outside, of course). These beans (Coffee Bean Direct Green Mexican Altura) seem to be well-suited for this method. The first and second cracks are distinct, and I've roasted the beans from medium to slightly dark with great results every time. The aroma is strong and persistent. The taste is smooth, velvety, yet lively.",2,roast home stove top popcorn popper outside course beans coffee bean direct green mexican altura seem well suited method first second cracks distinct roasted beans medium slightly dark great results every time aroma strong persistent taste smooth velvety yet lively
55,56,B002GWHC0G,A2EFAW1P3DRXWO,TJ Fairfax,0,0,5,1349395200,Our guests love it!,"We roast these in a large cast iron pan on the grill (about 1/3 of the bag at a time).  The smell is wonderful and the roasted beans taste delicious too.  More importantly, the coffee is smooth; no bitter aftertaste.  On numerous occasions, we've had to send the roasted beans home with friends because they like it so much.",2,roast large cast iron pan grill bag time smell wonderful roasted beans taste delicious importantly coffee smooth bitter aftertaste numerous occasions send roasted beans home friends like much
56,57,B004N5KULM,A202WR509428VF,amateur amazon shopper,2,2,5,1322438400,Awesome Deal!,Deal was awesome!  Arrived before Halloween as indicated and was enough to satisfy trick or treaters.  I love the quality of this product and it was much less expensive than the local store's candy.,2,deal awesome arrived halloween indicated enough satisfy trick treaters love quality product much less expensive local store candy
57,58,B004N5KULM,ASCNNAJU6SXF8,S. Beck,1,1,5,1336176000,How can you go wrong!,"It is chocolate, what can I say.  Great variety of everything our family loves.  With a family of six it goes fast here.  Perfect variety.  Kit Kat, Reeses, take five and more.",2,chocolate say great variety everything family loves family six goes fast perfect variety kit kat reeses take five
58,59,B004N5KULM,A2A7KXM9B4XW90,"P. Kelso ""Amazon all the way!""",0,0,5,1320364800,Awsome - Kids in neighborhood loved us!,"Great product, nice combination of chocolates and perfect size!  The bags had plenty, and they were shipped promptly.  The kids in the neighborhood liked our candies!",2,great product nice combination chocolates perfect size bags plenty shipped promptly kids neighborhood liked candies
59,60,B004N5KULM,A2QOGOXPOVKAJG,mimimc,0,0,5,1320105600,great deal.,"Halloween is over but, I sent a bag to my daughters class for her share. The chocolate was fresh and enjoyed by many.",2,halloween sent bag daughters class share chocolate fresh enjoyed many
60,61,B004N5KULM,A1ZR8O62VSU4OK,"Lisa J. Szlosek ""lisa""",2,4,3,1318723200,Better price for this at Target,"Watch your prices with this.  While the assortment was good, and I did get this on a gold box purchase, the price for this was<br />$3-4 less at Target.",1,watch prices assortment good get gold box purchase price less target
61,62,B004N5KULM,A7ZK2A3VIW7X9,Peggy,0,2,5,1319414400,pretty expensive,"This bag of candy online is pretty expensive, it should be cheaper in order to compete with grocery stores, other than that, its a good combination of my favorite candy",2,bag candy online pretty expensive cheaper order compete grocery stores good combination favorite candy
62,63,B001EO5TPM,A1E09XGZUR78C6,gary sturrock,2,2,1,1215302400,stale product.,Arrived in 6 days and were so stale i could not eat any of the 6 bags!!,0,arrived days stale could eat bags
63,64,B005DUM9UQ,A3HR0ZZOFKQ97N,RLC,3,3,5,1333497600,Hammer Nutrition 's Fizz Rocks!,"I have used the endurolyte product for several years in both pill and powder form.  Long desert rides on the dirt bike always found my camelbak water heavily laced with the endurolyte powder, not overly tasty, but quite effective, as I never got a cramp on these several hundred mile rides.  Same for desert racing in the buggy, the camelbaks were always laced with the powder.  Now we have the Fizz...what a great product!  Firstly, its Hammer's endurolyte product so it's great, endurance athlete's the world over use their products. Second its convenient, handly tablets that dissovle in a fizz.  Third it tastes great! Imagine getting a nice cool drink when your body is starving for hydration and electrolytes and rather than getting a ""salty"" taste, you get a refreshing lemon-lime or mango!  The camelbaks always get the Fizz now.  I also drop a tablet in my bottled water whenever I exercise and have a nice flavored water chock full of electrolytes. I cannot recommend this product or any hammer product highly enough.",2,used endurolyte product several years pill powder form long desert rides dirt bike always found camelbak water heavily laced endurolyte powder overly tasty quite effective never got cramp several hundred mile rides desert racing buggy camelbaks always laced powder fizz great product firstly hammer endurolyte product great endurance athlete world use products second convenient handly tablets dissovle fizz third tastes great imagine getting nice cool drink body starving hydration electrolytes rather getting salty taste get refreshing lemon lime mango camelbaks always get fizz also drop tablet bottled water whenever exercise nice flavored water chock full electrolytes cannot recommend product hammer product highly enough
64,65,B005DUM9UQ,A2XIHNXODNZGV4,"ChemProf ""chem professor""",1,1,5,1333584000,great source of electrolytes,This product serves me well as a source of electrolytes during and after a long run or bike ride.<br />I have tried all of the flavors but really do like the grapefruit flavor... no after-taste and I actually like the slight carbonation.<br />I use other Hammer products and really like their whole product line.,2,product serves well source electrolytes long run bike ride tried flavors really like grapefruit flavor taste actually like slight carbonation use hammer products really like whole product line
65,66,B005DUM9UQ,A3TWF9DQ6MU87E,dhy4b,1,1,5,1331510400,Great for preventing cramps,This stuff really works for preventing cramping during the middle to latter stages of your rides. Pop 1 into each water bottle and you're set. Flavor is fine and goes down easy.,2,stuff really works preventing cramping middle latter stages rides pop water bottle set flavor fine goes easy
66,67,B005DUM9UQ,AEFIZIJ1FK1BK,Doug,0,0,5,1345161600,Low Carb Alternative to Gatorade,"For those of us on a low carb diet these little tablets are just the thing.<br /><br />Two years ago I started cycling again after many years but was having heart arrhythmia after longer rides in high heat.  I was drinking plain water but did a little research and thought electrolytes might be the issue.  Gatorade wasn't an option because it is so loaded with carbohydrates so I looked around for a low-carb alternative.  The ""zero carb"" sports drinks didn't help so what to do?  One day I ran across these at my bike shop so tried a tube of them.....voila!...problem solved!!<br /><br />I've shared them with two friends in particular whose problems with leg cramps were resolved while using these.<br /><br />These guys got it right -- they are superbly formulated and simply work.....",2,us low carb diet little tablets thing two years ago started cycling many years heart arrhythmia longer rides high heat drinking plain water little research thought electrolytes might issue gatorade option loaded carbohydrates looked around low carb alternative zero carb sports drinks help one day ran across bike shop tried tube voila problem solved shared two friends particular whose problems leg cramps resolved using guys got right superbly formulated simply work
67,68,B005DUM9UQ,A8OFFIAL6XTOH,Bill Shirer,0,1,2,1338422400,Taste is not so good.,"I purchased the Mango flavor, and to me it doesn't take like Mango at all.  There is no hint of sweetness, and unfortunately there is a hint or aftertaste almost like licorice.  I've been consuming various sports nutrition products for decades, so I'm familiar and have come to like the taste of the most of the products I've tried.  The mango flavor is one of the least appealing I've tasted.  It's not terrible, but it's bad enough that I notice the bad taste every sip I take.",0,purchased mango flavor take like mango hint sweetness unfortunately hint aftertaste almost like licorice consuming various sports nutrition products decades familiar come like taste products tried mango flavor one least appealing tasted terrible bad enough notice bad taste every sip take
68,69,B000E7VI7S,A1KL2LAW08X6UQ,calmnsense,0,0,3,1169251200,How much would you pay for a bag of chocolate pretzels?,"If you're impulsive like me, then $6 is ok. Don't get me wrong, the quality of these babies is very good and I have no complaints. But in retrospect, the price is a little ridiculous (esp. when you add on the shipping).",1,impulsive like ok get wrong quality babies good complaints retrospect price little ridiculous esp add shipping
69,70,B000E7VI7S,AWCBF2ZWIN57F,C. Salcido,0,2,5,1185753600,pretzel haven!,this was sooooo deliscious but too bad i ate em too fast and gained 2 pds! my fault,2,sooooo deliscious bad ate em fast gained pds fault
70,71,B001GVISJC,A27TKQHFW0FB5N,Chet,2,2,5,1254355200,Great Gummi!,"These Albanese gummi bears and rings and so on are very good and tasty and high quality. The bears even have little faces. At my local candy store this type of gummi stuff (bears, rings, snakes, balls, worms, whatever) are about $10/lb. These twin packs of 4.5 or 5 pound bags is a screaming deal as far as I'm concerned. I'm probably 50 pounds deep in these friggin' things. Consumed!",2,albanese gummi bears rings good tasty high quality bears even little faces local candy store type gummi stuff bears rings snakes balls worms whatever twin packs pound bags screaming deal far concerned probably pounds deep friggin things consumed
71,72,B001GVISJC,A3BDOAPSF96WGQ,2tall,1,1,5,1289260800,Bigger then other brands,"Grape gummy bears are hard to find in my area. In fact pretty much anyone I talk to about grape gummy bears they think I'm lying. So I bought 10lbs... : ) These bears are a little bit bigger then the other brands and have kind of sour kick, but nothing to strong. I love grape flavored candy/soda and these are pretty good. There is another company that makes grape gummy bears that are a little bit better in my opinion, but these are well worth it for the price. I like to use the gummy bears in home made Popsicles with flavored sports drink. The salt in the sports drink makes for softer popsicles, and the gummy bears are awesome frozen. They are delicious!",2,grape gummy bears hard find area fact pretty much anyone talk grape gummy bears think lying bought bears little bit bigger brands kind sour kick nothing strong love grape flavored candy soda pretty good another company makes grape gummy bears little bit better opinion well worth price like use gummy bears home made popsicles flavored sports drink salt sports drink makes softer popsicles gummy bears awesome frozen delicious
72,73,B006SQBRMA,ATYMT48R62ENE,Marie,0,0,5,1327017600,Best ever latice tart,"I ordered two of these and two of raspberry latice tarts directly from FantasiCakes website for a dinner party I was hosting. It arrived fresh and intact. Very good size. I froze half for later use. I am a pastry lover and these were the best I've ever tasted. The pastry was soft, the jam was really good and the taste was great. They were gone in no time. My guests were really impressed.",2,ordered two two raspberry latice tarts directly fantasicakes website dinner party hosting arrived fresh intact good size froze half later use pastry lover best ever tasted pastry soft jam really good taste great gone time guests really impressed
73,74,B0059WXJKM,A25VFHVGI4CFTP,Diana Robinson,0,1,1,1335744000,Warning!  WARNING!  -ALCOHOL SUGARS!,"Buyer Beware Please! This sweetener is not for everybody.  Maltitol is an alcohol sugar and can be undigestible in the body.  You will know a short time after consuming it if you are one of the unsuspecting many who cannot digest it by the extreme intestinal bloating and cramping and massive amounts of gas a person can experience. Nausea, diarrhea & headaches can also be experienced. I learned my lesson the hard way years ago when I fell in love with the sugar-free chocolates suzanne sommers used to sell.  I thought I'd found sugar-free chocolate nirvana at first taste but the bliss was short lived when the terrible side effects of maltitol kicked in.  The discomfort was unlike anything I had ever felt before.  I blew up like a balloon and had very painful abdominal cramping.  As the symptoms passed, this too was very unpleasant.  Though hard for me to believe a low calorie sweetener could be the culprit, all symptoms were gone when I stopped eating the chocolate. My hunch it had something to do with the maltitol were unfortunately confirmed for me about a year later when I purchased some delicious sugar-free popcorn at my local market.  The taste was amazing and while I was looking at the label wondering what could possibly make this yummy, new sugarfree treat taste so good, my heart sank when I followed the little asterisk next to sugarfree sweetener* down to the very bottom of the label and read ""maltitol"" in tiny little letters! Thank goodness I'd eaten only a little. I still ended up with all the same side-effects but for a much shorter duration. Some people can use maltitol to their heart's content but others, like me, can have a bad reaction to it. In case you're like me, ... it's not you ...it's the maltitol!",0,buyer beware please sweetener everybody maltitol alcohol sugar undigestible body know short time consuming one unsuspecting many cannot digest extreme intestinal bloating cramping massive amounts gas person experience nausea diarrhea headaches also experienced learned lesson hard way years ago fell love sugar free chocolates suzanne sommers used sell thought would found sugar free chocolate nirvana first taste bliss short lived terrible side effects maltitol kicked discomfort unlike anything ever felt blew like balloon painful abdominal cramping symptoms passed unpleasant though hard believe low calorie sweetener could culprit symptoms gone stopped eating chocolate hunch something maltitol unfortunately confirmed year later purchased delicious sugar free popcorn local market taste amazing looking label wondering could possibly make yummy new sugarfree treat taste good heart sank followed little asterisk next sugarfree sweetener bottom label read maltitol tiny little letters thank goodness would eaten little still ended side effects much shorter duration people use maltitol heart content others like bad reaction case like maltitol
74,75,B001EPPI84,A3Q0IDQ03S0158,Jen,0,0,2,1287705600,nothing special,It is okay.  I would not go out of my way to buy it again,0,okay would go way buy
75,76,B001EPPI84,A27TZ4WBU7N0YF,I. So,0,0,1,1275004800,No Tea Flavor,No tea flavor at all. Just whole brunch of artifial flavors. It is not returnable. I wasted 20+ bucks.,0,tea flavor whole brunch artifial flavors returnable wasted bucks
76,77,B004X2KR36,A2W3ABLWMJ84NS,Jessica Snyder,0,0,5,1348444800,Good,"These looked like a perfect snack to through in with my trail mix.  Unfortunately, they arrived in a solid mass of melted chocolate.  I left them in my pantry for a few days, and when I opened them at room temperature they were still gooey.  I through them in the fridge and I've been breaking off hunks ever since.  They taste good to me, but the chocolate is all grainy after melting and then solidifying again.  I won't order them online again, but if I see them in a store I would pick them up.",2,looked like perfect snack trail mix unfortunately arrived solid mass melted chocolate left pantry days opened room temperature still gooey fridge breaking hunks ever since taste good chocolate grainy melting solidifying order online see store would pick
77,78,B004X2KR36,A26M5O53PHZTKN,"Debs ""peanut""",0,0,5,1348185600,Taste great,These taste really good. I have been purchasing a different brand and these are very similar in taste and texture. I agree with the other reviewer regarding ordering in the summer. There is no insulating packaging with ice packs so they will melt in warm weather like all chocolate food items. Order in cold weather and buy enough to last!!!,2,taste really good purchasing different brand similar taste texture agree reviewer regarding ordering summer insulating packaging ice packs melt warm weather like chocolate food items order cold weather buy enough last
78,79,B004X2KR36,A2AB7M9UCNBVN7,sharonh4,0,0,3,1346976000,Order only in cold weather,"The taste was great, but the berries had melted.  May order again in winter. If you order in cold weather you should enjoy flavor.",1,taste great berries melted may order winter order cold weather enjoy flavor
79,80,B005R8JE8O,A3H1EQD2PBC085,jmc,0,0,5,1344902400,this is the best,"i know i cannot make tea this good.  granted, i am not from the south but i know i have never enjoyed tea that was this sweet without being too sweet.  it tastes crisp.",2,know cannot make tea good granted south know never enjoyed tea sweet without sweet tastes crisp
80,81,B0066DMI6Y,AB30HQTI5VOLR,Melinda Bishop,1,1,5,1325116800,Delicious!,This peppermint stick is delicious and fun to eat.  My dad got me one for Christmas because he remembered me having a similar one when I was a little girl.  I'm 30 now and I love it!,2,peppermint stick delicious fun eat dad got one christmas remembered similar one little girl love
81,82,B0066DMI6Y,AZLONLC8OZPEC,John W. Hollis,1,1,4,1324598400,Great,"Great gift for all ages! I purchased these giant canes before and the recipients loved them so much, they kept them and would not eat them.",2,great gift ages purchased giant canes recipients loved much kept would eat
82,83,B003ZFRKGO,A2VOZX7YBT0D6D,"Johnnycakes ""Johnnycakes""",15,15,5,1325635200,Forget Molecular Gastronomy - this stuff rockes a coffee creamer!,"I know the product title says Molecular Gastronomy, but don't let that scare you off.  I have been looking for this for a while now, not for food science, but for something more down to earth.  I use it to make my own coffee creamer.<br /><br />I have to have my coffee blonde and sweet - but the flavored creamers are full of the bad kinds of fat, and honestly, I hate to use manufactured ""food"" items.  I really don't think they are good for the body.  On the other hand, I hate using cold milk or cream, because I like HOT coffee.<br /><br />I stumbled across this on Amazon one day and got the idea of making my own creamer.  I also bought low-fat (non-instant) milk powder and regular milk powder. The non-instant lowfat milk is a little sweeter and tastes fresher than regular instant low-fat milk, but does not dissolve good in cold water - which is not a problem for hot coffee.  You will have to play with the ratios - I would not do just the heavy cream, it made the coffee too rich. Also, I think the powder is too expensive to just use on it's own. I like mixing 1/3 of each together.<br /><br />For flavoring, I bough cocoa bean powder, vanilla bean powder, and caster (superfine) sugar.  I mix up small batches along with spices like cinnamon and nutmeg to make my own flavored creamers.  If you wanted, you could use a fake sweetner powder instead.  I make up small amounts that I store in jelly canning jars. I also use my little food chopper/food processor to blend everything, so the sugar is not heavier and sinks to the bottom.  Let it settle for a bit before opening the top though.<br /><br />This stuff tastes WAY better than the storebought creamers and it is fun to experiment and come up with your own flavors.  I am going to try using some essential oils next and see if I can get a good chocolate/orange mix.<br /><br />All of the ingredients I mentioned are here online.  Take the time to experiment.  Maybe you don't use any low-fat milk. Or don't add any flavorings.  It is up to you.  Also, would make great housewarming/host(ess) gifts.<br /><br />I am sure other molecular people will be able to tell you more of what you can do with it, and I am sure I will experiment with it in cooking - but the main reason I bought it was to make my own creamer and it worked out great.",2,know product title says molecular gastronomy let scare looking food science something earth use make coffee creamer coffee blonde sweet flavored creamers full bad kinds fat honestly hate use manufactured food items really think good body hand hate using cold milk cream like hot coffee stumbled across amazon one day got idea making creamer also bought low fat non instant milk powder regular milk powder non instant lowfat milk little sweeter tastes fresher regular instant low fat milk dissolve good cold water problem hot coffee play ratios would heavy cream made coffee rich also think powder expensive use like mixing together flavoring bough cocoa bean powder vanilla bean powder caster superfine sugar mix small batches along spices like cinnamon nutmeg make flavored creamers wanted could use fake sweetner powder instead make small amounts store jelly canning jars also use little food chopper food processor blend everything sugar heavier sinks bottom let settle bit opening top though stuff tastes way better storebought creamers fun experiment come flavors going try using essential oils next see get good chocolate orange mix ingredients mentioned online take time experiment maybe use low fat milk add flavorings also would make great housewarming host ess gifts sure molecular people able tell sure experiment cooking main reason bought make creamer worked great
83,84,B0019CW0HE,A1FD9E5C06UB6B,BRENDA DEMERS,5,5,3,1301011200,Natural Balance Lamb and Rice,"While my dogs like all of the flavors that we have tried of this dog food, for some reason their itching increased when I tried the lamb and rice. I have some very itchy dogs and am giving them a limited ingredient dog food to try to help. The duck and sweet potato cut down on the itching significantly, but when we tried lamb and rice they started itching more once again. I like Natural Balance for the quality ingredients.",1,dogs like flavors tried dog food reason itching increased tried lamb rice itchy dogs giving limited ingredient dog food try help duck sweet potato cut itching significantly tried lamb rice started itching like natural balance quality ingredients
84,85,B0019CW0HE,AK2CXHH9VRZ2A,I. GLENN,4,4,3,1313193600,INCREASED MY DOGS ITCHING,"Awesome dog food. However, when given to my ""Boston"", who has severe reactions to some food ingredients; his itching increased to violent jumping out of bed at night, scratching. As soon as I changed to a different formula, the scratching stopped. So glad Natural Balance has other choices. I guess you have to try each, until you find what's best for your pet.",1,awesome dog food however given boston severe reactions food ingredients itching increased violent jumping bed night scratching soon changed different formula scratching stopped glad natural balance choices guess try find best pet
85,86,B0019CW0HE,A25BGFRHYHEZKK,Toby's mom,4,4,5,1292889600,Great food!,"We have three dogs and all of them love this food!  We bought it specifically for one of our dogs who has food allergies and it works great for him, no more hot spots or tummy problems.<br />I LOVE that it ships right to our door with free shipping.",2,three dogs love food bought specifically one dogs food allergies works great hot spots tummy problems love ships right door free shipping
86,87,B0019CW0HE,A37N9XZBB8JYOF,Ash52,1,1,5,1333670400,Great for my dogs allergies,"My dog has a ton of allergies both environmental and food. She was on a prescription dog food before we had her tested to see what allergies she has. After we got the test back, we learned she was allergic to something in the prescription brand. So I finally found this dog food and she has done so well on this! She still has her environmental triggers, but I am happy she can finally eat something I know won't cause her pain.",2,dog ton allergies environmental food prescription dog food tested see allergies got test back learned allergic something prescription brand finally found dog food done well still environmental triggers happy finally eat something know cause pain
87,88,B0019CW0HE,A1T4L0Q47OZ9N,Wendy,1,1,5,1320883200,Great for stomach problems!,My shepherd/collie mix has IBS.  Our vet recommended a limited ingredient food.  This has really helped her symptoms and she likes it.  I will always buy it from Amazon...it's $10 cheaper and free shipping!,2,shepherd collie mix ibs vet recommended limited ingredient food really helped symptoms likes always buy amazon cheaper free shipping
88,89,B0019CW0HE,A3IMXZE9FCUNOC,Dana,1,1,5,1311638400,Better life for you dog!,Natural Balance Dry Dog Food Lamb Meal and Brown Rice Recipe did wonders for my Jack Russell. She has awful food allergy's and this food was our last hope because it was the last food we could find that didn't have SOMETHING in it that she was allergic to. She has no problem eating it dry but normally I mix the Natural Balance Dry Lamb and Brown Rice with the Natural Balance Wet Lamb and Brown Rice.. she seems to like that better. We started feeding it to our other dog (a Bichon) too and she loves it. If your dog has allergy's or stomach issue.. or if you want your dog to eat better food-- this is it! You will see a difference in your pet.,2,natural balance dry dog food lamb meal brown rice recipe wonders jack russell awful food allergy food last hope last food could find something allergic problem eating dry normally mix natural balance dry lamb brown rice natural balance wet lamb brown rice seems like better started feeding dog bichon loves dog allergy stomach issue want dog eat better food see difference pet
89,90,B0019CW0HE,A1EC57S6C2VLTL,"Lorraine ""Agelechio""",0,0,5,1347408000,Great Food,"Great food! I love the idea of one food for all ages & breeds. t's a real convenience as well as a really good product.  My 3 dogs eat less, have almost no gas, their poop is regular and a perfect consistency, what else can a mom ask for!!",2,great food love idea one food ages breeds real convenience well really good product dogs eat less almost gas poop regular perfect consistency else mom ask
90,91,B0019CW0HE,A1OGD72Y2Y26CF,Lisas201,0,0,5,1335398400,Great food for my my dog who has a sensitive stomach.,I have a standard poodle and pomeranian who both do wonderful on this food. I have switched them to a different food (due to price) a couple of times and end up going right back to natural balance.,2,standard poodle pomeranian wonderful food switched different food due price couple times end going right back natural balance
91,92,B0019CW0HE,A7JWCYVPF7KCO,gare,0,0,5,1334966400,Great dog food,"This is great dog food, my dog has severs allergies and this brand is the only one that we can feed him.",2,great dog food dog severs allergies brand one feed
92,93,B0019CW0HE,ABG53EBZBKD23,"J. Romagnoli ""*jroma""",0,0,5,1333929600,Mmmmm  Mmmmm good.,This food is great - all ages dogs.  I have a 3 year old and a puppy.  They are both so soft and hardly ever get sick.  The food is good especially when you have Amazon Prime shipping  :),2,food great ages dogs year old puppy soft hardly ever get sick food good especially amazon prime shipping
93,94,B0019CW0HE,A3AF72GP4GVRY1,John D. Meara,0,0,5,1330041600,Great Dog Food!,"My golden retriever is one of the most picky dogs I've ever met.  After experimenting with various types of food, I have found she loves natural balance.  What I really like about natural balance is the fact that it has multiple flavors in dry and wet varieties.  I mix her dry food with a little wet food and my golden loves it.  Furthermore, I do like mixing up the flavors each time as I think the same meal day over day might get a little boring, so I figured why not.  I tend to stay away from the fish type though as it smells...<br /><br />Additionally, I started purchasing off Amazon because Petco didn't have the wet food box and only had a couple of cans.  I came home and to my surprise realized that I could save $20 each time I bought dog food if I just buy it off Amazon.<br /><br />All in all, I definitely recommend and give my stamp of approval to natural balance dog food.  While I have never eaten it, my dog seems to love it.",2,golden retriever one picky dogs ever met experimenting various types food found loves natural balance really like natural balance fact multiple flavors dry wet varieties mix dry food little wet food golden loves furthermore like mixing flavors time think meal day day might get little boring figured tend stay away fish type though smells additionally started purchasing amazon petco wet food box couple cans came home surprise realized could save time bought dog food buy amazon definitely recommend give stamp approval natural balance dog food never eaten dog seems love
94,95,B0019CW0HE,A1DJAAKLPCJRZD,wendy,0,0,5,1329609600,So convenient,This is the same food we get at pet store. But it's delivered to my door! And for the same price or slightly less.,2,food get pet store delivered door price slightly less
95,96,B0019CW0HE,A1BFNM27629VAV,E. Triebe,0,0,5,1320105600,Good healthy dog food,I've been very pleased with the Natural Balance dog food. Our dogs have had issues with other dog foods in the past and I had someone recommend Natural Balance grain free since it is possible they were allergic to grains. Since switching I haven't had any issues. It is also helpful that have have different kibble size for larger/smaller sized dogs.,2,pleased natural balance dog food dogs issues dog foods past someone recommend natural balance grain free since possible allergic grains since switching issues also helpful different kibble size larger smaller sized dogs
96,97,B0019CW0HE,A18AAABCIJKC5Q,Rhiever,0,0,5,1303776000,Great dog food,"My 1-1/2 year old basenji/jack russell mix loves this dog food. He's been noticeably healthier and more energetic since I switched him over from the standard dog foods earlier this year. Despite the higher cost of natural dog foods, I find that he eats significantly less of the Natural Balance dog foods and still stays happy and full. On the normal dog foods, he'd eat up to 3 cups of dog food a day (the recommended serving for his size), whereas he only eats about 1 cup to 1-1/2 cup of the Natural Balance dog food a day. When you take this into account, you're actually getting more ""bang for your buck"" with the natural dog foods since you don't have to buy as much to last just as long as the normal dog foods... and a healthier, happier dog, to boot! Add in the fact that you can get free, 2-day shipping with Amazon Prime... I'm sold!!",2,year old basenji jack russell mix loves dog food noticeably healthier energetic since switched standard dog foods earlier year despite higher cost natural dog foods find eats significantly less natural balance dog foods still stays happy full normal dog foods would eat cups dog food day recommended serving size whereas eats cup cup natural balance dog food day take account actually getting bang buck natural dog foods since buy much last long normal dog foods healthier happier dog boot add fact get free shipping amazon prime sold
97,98,B0019CW0HE,A3UII2114114PI,"FuNky Faja ""SiLkk""",0,0,5,1297296000,"Great allergy sensitive dog food, dogs love it",Our pup has experienced allergies in forms of hotspots and itching from other dog foods. The cheap 'you can buy it anywhere' food not only have crazy preservatives in them but can cause health problems for your pets.  This food works wonders on reducing allergies and our dog loves the food.<br />This message is RAMSEY FrAnkenSteiN approved.,2,pup experienced allergies forms hotspots itching dog foods cheap buy anywhere food crazy preservatives cause health problems pets food works wonders reducing allergies dog loves food message ramsey frankenstein approved
98,99,B0019CW0HE,ABZ9F0D94YK45,Amazon-tron 3000,0,0,5,1295308800,Perfect for our English Bulldog with Allergies,"My English Bulldog had skin allergies the summer we got him at age 3.  The vet recommended we wean him off the food his previous owner gave him (Iams Lamb and Rice) and onto a new kind.  This was the second one we tried, and it has been working ever since.  It's for dogs that need a limited diet who can be sensitive to additives and proteins commonly found in commercial dog food (like chicken or beef).",2,english bulldog skin allergies summer got age vet recommended wean food previous owner gave iams lamb rice onto new kind second one tried working ever since dogs need limited diet sensitive additives proteins commonly found commercial dog food like chicken beef
99,100,B0019CW0HE,A2P6ACFZ8FTNVV,Melissa Benjamin,0,1,1,1331164800,Bad,"I fed this to my Golden Retriever and he hated it.  He wouldn't eat it, and when he did, it gave him terrible diarrhea.  We will not be buying this again.  It's also super expensive.",0,fed golden retriever hated would eat gave terrible diarrhea buying also super expensive
100,101,B004K2IHUO,A1SYSKR79LA2CB,"Mycroft ""Virture is its own punishment""",4,5,5,1233014400,Taste wise it is a 6 star item,"The mouth says, ""How do I love thee, let me count the ways...""<br />If you like apple products a must have item.  The only draw back, shipping cost.  These are very heavy.",2,mouth says love thee let count ways like apple products must item draw back shipping cost heavy